icon_id,clean_id,label,semantic_type
Bonfire_Night,Bonfire_Night,Bonfire_Night,object
CD_player_personal,CD_player_personal,CD player personal,device
Christmas_bauble,Christmas_bauble,Christmas_bauble,noun
Christmas_bell,Christmas_bell,Christmas_bell,object
Christmas_cake,Christmas_cake,Christmas_cake,food
Christmas_decorations,Christmas_decorations,Christmas_decorations,food
Christmas_lights,Christmas_lights,Christmas_lights,object
Christmas_pudding,Christmas_pudding,Christmas_pudding,food
Christmas_tree,Christmas_tree,Christmas tree,object
DVD_player,DVD_player,DVD_player,object
DVD_player_portable,DVD_player_portable,DVD_player_portable,object
Earth,Earth,Earth,entity
Earth_crust,Earth_crust,Earth_crust,entity
Earth_inner_core,Earth_inner_core,Earth_inner_core,object
Earth_mantle,Earth_mantle,Earth_mantle,entity
Earths_atmosphere,Earths_atmosphere,Earths_atmosphere,object
Easter_egg,Easter_egg,Easter_egg,object
Father_Christmas_sack,Father_Christmas_sack,Father_Christmas_sack,object
Houses_of_Parliament,Houses_of_Parliament,Houses_of_Parliament,entity
Joseph,Joseph,Joseph,entity
Judas,Judas,Judas,entity
Jupiter,Jupiter,Jupiter,entity
Last_Supper,Last_Supper,Last_Supper,event
Mars,Mars,Mars,entity
Mercury,Mercury,Mercury,entity
Milky_Way,Milky_Way,Milky_Way,object
Moon,Moon,Moon,entity
Nativity,Nativity,Nativity,object
Neptune,Neptune,Neptune,entity
Pluto,Pluto,Pluto,food
Puritans,Puritans,Puritans,object
Rudolph,Rudolph,Rudolph,object
Saturn,Saturn,Saturn,entity
Uranus,Uranus,Uranus,entity
Venus,Venus,Venus,object
Wii,Wii,Wii,entity
Wii_Fit,Wii_Fit,Wii_Fit,object
acne_spots,acne_spots,acne spots,entity
acorn,acorn,acorn,object
activity_centre,activity_centre,activity_centre,object
aeroplane,aeroplane,aeroplane,object
aftershave_1,aftershave,aftershave_1,object
air_person_2a,air_person,air_person_2a,entity
airways,airways,pathways for air,entity
algebra_formula,algebra_formula,algebra_formula,object
almond,almond,almond,object
ambulance,ambulance,ambulance,entity
angel,angel,angel,entity
ankle,ankle,ankle,body
ant,ant,ant,entity
ant_eater,ant_eater,ant_eater,entity
antelope,antelope,antelope,animal
apple,apple,apple,food
apple_juice,apple_juice,apple_juice,drink
apricot,apricot,apricot,object
apron,apron,apron,object
arch_lever_file,arch_lever_file,arch_lever_file,object
archery_target,archery_target,archery_target,object
arm,arm,arm,body part
arm_chair,arm_chair,arm_chair,object
arms,arms,arms,body
army_tank,army_tank,army_tank,object
arrow_keys,arrow_keys,arrow_keys,object
art_class,art_class,art_class,entity
artichoke,artichoke,artichoke,entity
asparagus,asparagus,asparagus,food
atom,atom,smallest unit of a chemical element,entity
aubergine,aubergine,aubergine,food
aunt_maternal,aunt_maternal,aunt_maternal,entity
auroscope,auroscope,auroscope,device
avocado,avocado,avocado,food
b_-_lower_case,b_-_lower_case,b_-_lower_case,object
baby_oil,baby_oil,baby_oil,object
baby_powder,baby_powder,baby_powder,food
back,back,back,body
backstop,backstop,backstop,object
bacon,bacon,bacon,object
badger,badger,badger,entity
badminton_racket,badminton_racket,badminton_racket,object
bagel_2,bagel,bagel_2,entity
baked_beans,baked_beans,baked_beans,object
baker_1b,baker,bread maker,entity
baking_powder,baking_powder,baking_powder,food
baking_tray,baking_tray,baking_tray,entity
ball,ball,ball,object
ball_beach,ball_beach,ball_beach,object
ball_pool,ball_pool,ball_pool,entity
balloon,balloon,balloon,object
banana,banana,banana,food
banana_bunch,banana_bunch,banana_bunch,object
bank,bank,bank,entity
bank_card,bank_card,bank_card,object
banquet_buffet,banquet_buffet,banquet_buffet,object
barbeque,barbeque,barbeque,object
base_rock,base_rock,base_rock,material
baseball_base,baseball_base,baseball_base,entity
baseball_bat,baseball_bat,baseball_bat,object
baseball_glove,baseball_glove,baseball_glove,object
basket_2,basket,basket_2,object
basketball,basketball,basketball,object
basketball_ball,basketball_ball,round ball with black lines,object
basketball_game,basketball_game,sport or activity,noun
bat,bat,bat,entity
bath_mat,bath_mat,bath_mat,object
battery_1a,battery,battery_1a,entity
beach_bag,beach_bag,beach_bag,object
beach_towel,beach_towel,beach_towel,object
beads,beads,beads,object
beak,beak,beak,entity
beaker_2,beaker,beaker_2,entity
beanbag,beanbag,beanbag,object
beans_on_toast,beans_on_toast,beans_on_toast,food
beansprouts,beansprouts,beansprouts,food
bear,bear,bear,entity
bed_four_poster,bed_four_poster,sleeping furniture,object
bee_honey,bee_honey,honey,food
beef,beef,beef,object
beer,beer,beer,object
bees_nest,bees_nest,bee nest,entity
beetle,beetle,beetle,entity
beetroot,beetroot,beetroot,food
bell,bell,bell,object
belt,belt,belt,entity
bench,bench,bench,object
bendy,bendy,bendy,object
berry,berry,berry,food
bib,bib,bib,object
bicycle,bicycle,bicycle,entity
big_wheel,big_wheel,big_wheel,object
bin_bag,bin_bag,bin_bag,object
bin_bags,bin_bags,bin_bags,object
bingo,bingo,bingo,object
bird,bird,bird,entity
bird_bath,bird_bath,bird_bath,object
bird_cage,bird_cage,bird_cage,object
bird_feeder,bird_feeder,bird_feeder,object
bird_seed,bird_seed,bird_seed,entity
birthday_cake,birthday_cake,birthday_cake,food
birthday_card,birthday_card,birthday_card,object
biscuit_chocolate_chip,biscuit_chocolate_chip,biscuit_chocolate_chip,food
biscuits,biscuits,biscuits,food
blackberry,blackberry,blackberry,entity
blackboard,blackboard,blackboard,object
blackcurrant_juice,blackcurrant_juice,blackcurrant_juice,drink
blackcurrants,blackcurrants,blackcurrants,food
bladder_kidneys,bladder_kidneys,bladder_kidneys,entity
blanket,blanket,blanket,object
blanket_chest,blanket_chest,blanket_chest,object
blender_drinks,blender_drinks,blender_drinks,object
blind_2,blind,blind_2,entity
blinds,blinds,blinds,entity
blouse,blouse,blouse,entity
blue_light,blue_light,blue_light,object
blusher,blusher,blusher,object
boat,boat,boat,object
bobble_hat,bobble_hat,bobble_hat,entity
boccia,boccia,boccia,object
boccia_chute,boccia_chute,boccia_chute,object
bolt,bolt,bolt,object
bone,bone,Bone,body
book_end,book_end,book_end,object
book_ends,book_ends,book_ends,object
book_shelf,book_shelf,bookshelf,object
bookcase,bookcase,bookcase,object
bootees,bootees,bootees,object
bottom,bottom,lower part,body
bounce_ball_to,bounce_ball_to,bounce_ball_to,object
bow,bow,bow,object
bow_and_arrow,bow_and_arrow,bow_and_arrow,entity
bow_tie,bow_tie,bow_tie,object
bowl,bowl,container,object
bowling_ball,bowling_ball,bowling_ball,entity
bowling_gutter,bowling_gutter,bowling_gutter,object
bowling_pins,bowling_pins,bowling_pins,object
bowling_spare,bowling_spare,bowling_spare,object
boxer_shorts,boxer_shorts,boxer_shorts,object
bra,bra,bra,object
bracelet_1,bracelet,bracelet_1,entity
brain,brain,brain,body
branch,branch,part of a tree,entity
brazil_nut,brazil_nut,brazil_nut,food
bread,bread,bread,food
bread_crumbs,bread_crumbs,bread_crumbs,object
bread_roll_3,bread_roll,bread_roll_3,food
bread_roll_filled,bread_roll_filled,bread_roll_filled,food
bread_roll_granary,bread_roll_granary,bread_roll_granary,object
bread_slice,bread_slice,bread_slice,food
bread_sliced,bread_sliced,bread sliced,object
breafkfast_continental_2,breafkfast_continental,breafkfast_continental_2,entity
breakfast_1,breakfast,breakfast_1,object
bricks,bricks,bricks,entity
bridle,bridle,bridle,object
briefcase_2,briefcase,briefcase_2,object
broad_beans,broad_beans,broad_beans,object
broccoli,broccoli,broccoli,food
broken_bone,broken_bone,broken_bone,object
brooch,brooch,brooch,entity
broom,broom,broom,object
broomstick,broomstick,broomstick,object
brussel_sprouts,brussel_sprouts,brussel_sprouts,food
bubble_bath,bubble_bath,Bubble Bath,food
bubble_mixture,bubble_mixture,bubble_mixture,object
bubble_wand,bubble_wand,bubble_wand,tool
bubble_wrap,bubble_wrap,bubble_wrap,entity
bucket,bucket,bucket,object
buckle,buckle,buckle,entity
bud,bud,bud,food
budgie,budgie,budgie,entity
buffalo,buffalo,buffalo,entity
bulb_holder_2,bulb_holder,bulb_holder_2,object
bun_-_hot_cross,bun_-_hot_cross,bun_-_hot_cross,food
bun_currant,bun_currant,bun_currant,object
bunk_beds,bunk_beds,bunk_beds,object
bus,bus,bus,object
bus_double_decker,bus_double_decker,bus_double_decker,object
bus_single_decker,bus_single_decker,bus_single_decker,entity
bush,bush,bush,entity
butterfly,butterfly,butterfly,entity
butternut_squash,butternut_squash,butternut_squash,entity
button,button,button,object
c_-_lower_case,c_-_lower_case,c_-_lower_case,entity
cabbage,cabbage,cabbage,food
cable_tv,cable_tv,cable_tv,object
cactus,cactus,cactus,entity
cafe_2,cafe,establishment serving coffee and snacks,entity
cage,cage,cage,object
cake,cake,cake,food
cake_bar,cake_bar,cake_bar,food
cake_case,cake_case,cake_case,object
cake_cup_cake,cake_cup_cake,cake_cup_cake,food
cake_mix,cake_mix,cake_mix,object
cake_slice,cake_slice,cake_slice,object
cake_sponge,cake_sponge,cake_sponge,food
cake_tin,cake_tin,cake_tin,object
calculator,calculator,calculator,tool
calendar_month,calendar_month,calendar_month,entity
calf,calf,young_bovine,entity
camel,camel,camel,entity
camera,camera,camera,object
camera_SLR,camera_SLR,camera_SLR,noun
camera_compact,camera_compact,camera_compact,object
can_opener_electric,can_opener_electric,can_opener_electric,object
candle_2,candle,candle_2,object
candy_cane,candy_cane,candy cane,food
candy_floss,candy_floss,candy_floss,food
candy_hearts,candy_hearts,candy_hearts,object
canoe,canoe,canoe,object
cap,cap,cap,body
car,car,car,object
car_boot,car_boot,car_boot,object
car_bumper,car_bumper,car_bumper,entity
car_toy,car_toy,car_toy,object
car_transporter,car_transporter,car_transporter,entity
caravan,caravan,caravan,entity
carbohydrates,carbohydrates,carbohydrates,object
card,card,card,object
cardboard,cardboard,cardboard,object
care_assistant_5a,care_assistant,assistant for people with disabilities,entity
caretaker_2a,caretaker,caretaker_2a,entity
carrot,carrot,carrot,food
cart,cart,cart,object
carton_2,carton,carton_2,entity
cash_point,cash_point,cash_point,object
cashew,cashew,cashew,object
casserole,casserole,casserole,object
cassette_tape,cassette_tape,cassette_tape,object
castle,castle,castle,object
castor_sugar,castor_sugar,castor_sugar,object
cat,cat,cat,entity
cat_biscuits,cat_biscuits,cat_biscuits,food
cat_food,cat_food,cat_food,food
catherine_wheel,catherine_wheel,catherine_wheel,entity
cauliflower,cauliflower,cauliflower,entity
cctv,cctv,cctv,entity
ceiling_light,ceiling_light,ceiling_light,object
celebration,celebration,celebration,event
celeriac,celeriac,celeriac,food
celery,celery,celery,food
cement_mixer,cement_mixer,cement mixer,entity
centipede,centipede,centipede,entity
cereal,cereal,cereal,food
cereal_bowl,cereal_bowl,cereal_bowl,food
cereal_box_bran,cereal_box_bran,cereal_box_bran,object
cereal_box_museli,cereal_box_museli,cereal_box_museli,food
cereal_bran,cereal_bran,cereal_bran,food
cereal_museli,cereal_museli,cereal_museli,food
certificate,certificate,certificate,object
chair_computer,chair_computer,chair_computer,entity
chair_dining,chair_dining,chair_dining,entity
chair_wing_back,chair_wing_back,chair_wing_back,object
chaise_lounge,chaise_lounge,chaise_lounge,object
chalk,chalk,chalk,tool
chameleon,chameleon,chameleon,entity
champagne,champagne,champagne,food
chandelier,chandelier,chandelier,object
chapatti,chapatti,chapatti,food
charger_electric,charger_electric,charger_electric,object
cheek,cheek,cheek,body
cheese,cheese,cheese,object
cheese_brie,cheese_brie,cheese_brie,food
cheese_burger,cheese_burger,cheese_burger,food
cheese_grated,cheese_grated,cheese_grated,food
"cheese_on_toast_,_melted","cheese_on_toast_,_melted","cheese_on_toast_,_melted",food
cheese_slices,cheese_slices,cheese_slices,food
cheese_stilton,cheese_stilton,cheese_stilton,food
cheetah,cheetah,cheetah,entity
cheque_book,cheque_book,cheque_book,object
cherry,cherry,cherry,food
chest_female,chest_female,chest_female,entity
chest_male,chest_male,chest_male,entity
chest_of_drawers,chest_of_drawers,chest_of_drawers,object
chestnuts,chestnuts,chestnuts,food
chewing_gum,chewing_gum,chewing_gum,food
chewy_tube,chewy_tube,chewy_tube,object
chick,chick,chick,entity
chicken_breast,chicken_breast,chicken_breast,food
chicken_deep_fried,chicken_deep_fried,chicken_deep_fried,food
chicken_house,chicken_house,chicken_house,object
chicken_leg,chicken_leg,chicken_leg,body
chicken_live,chicken_live,chicken_live,entity
chicken_nuggets,chicken_nuggets,chicken nuggets,food
chicken_pieces,chicken_pieces,chicken_pieces,food
childrens_tv,childrens_tv,childrens_tv,object
chimney,chimney,chimney,object
chimpanzee,chimpanzee,chimpanzee,entity
chin,chin,chin,body
chinese_cabbage,chinese_cabbage,chinese_cabbage,food
chinese_food,chinese_food,chinese_food,entity
chipmunk_3,chipmunk,chipmunk_3,entity
chips,chips,chips,food
chips_packet,chips_packet,chips_packet,food
chisel,chisel,chisel,object
chocolate,chocolate,chocolate,object
chocolate_bar,chocolate_bar,chocolate_bar,food
chocolate_box,chocolate_box,chocolate_box,food
chocolate_chips,chocolate_chips,chocolate_chips,food
chocolate_egg,chocolate_egg,chocolate_egg,food
chocolate_log,chocolate_log,chocolate_log,object
chopping_board,chopping_board,chopping_board,entity
church,church,church,entity
cigarette,cigarette,cigarette,object
clamp,clamp,clamp,tool
claw,claw,claw,body part
clay,clay,clay,entity
cleaner_2a,cleaner,cleaner_2a,object
cleaner_spray,cleaner_spray,cleaner_spray,object
cleaning_box,cleaning_box,cleaning_box,entity
climbing_rock,climbing_rock,climbing_rock,object
clipboard,clipboard,clipboard,object
clock,clock,clock,object
clock_radio,clock_radio,electronic device displaying time,device
closed,closed,closed,object
closed_shop,closed_shop,closed_shop,entity
clothes_extra_large,clothes_extra_large,clothes,entity
clothes_female,clothes_female,clothes_female,food
clothes_generic,clothes_generic,clothes_generic,entity
clothes_hanger,clothes_hanger,clothes_hanger,object
clothes_large,clothes_large,clothes_large,object
clothes_male,clothes_male,clothes_male,entity
clothes_medium,clothes_medium,clothes_medium,object
clothes_neat,clothes_neat,clothes_neat,object
clothes_peg,clothes_peg,clothes_peg,object
clothes_small,clothes_small,clothes_small,object
clover,clover,clover,entity
coach,coach,coach,entity
coat,coat,coat,entity
coated_spoon,coated_spoon,coated_spoon,object
cockatiel,cockatiel,cockatiel,entity
cockerel,cockerel,cockerel,animal
coconut,coconut,coconut,food
coffee,coffee,coffee,food
coffee_instant,coffee_instant,coffee_instant,drink
coffee_maker,coffee_maker,coffee maker,object
colander,colander,colander,object
collar_1,collar,collar_1,body
collar_pet,collar_pet,collar_pet,object
coloured_paper,coloured_paper,coloured_paper,object
colouring_book,colouring_book,coloring_book,object
comb,comb,comb,object
comedy_tv,comedy_tv,comedy_tv,noun
comet,comet,comet,entity
communication_aid_2,communication_aid,communication_aid_2,entity
communication_aid_chat_2,communication_aid_chat,communication_aid_chat_2,object
communication_aid_gotalk_9p,communication_aid_gotalk,communication_aid_gotalk_9p,entity
communication_aid_techspeak_32,communication_aid_techspeak,communication_aid_techspeak_32,object
communication_board,communication_board,communication_board,object
communication_book,communication_book,communication_book,object
communication_book_portable,communication_book_portable,communication_book_portable,object
communication_device,communication_device,communication_device,entity
computer_1,computer,computer_1,entity
computer_cable,computer_cable,computer_cable,object
computer_folder,computer_folder,computer_folder,object
computer_folder_open,computer_folder_open,computer_folder_open,entity
computer_folder_open_to,computer_folder_open_to,computer_folder_open_to,object
computer_game_2,computer_game,electronic device for playing games,object
computer_keyboard,computer_keyboard,computer_keyboard,object
computer_monitor,computer_monitor,computer_monitor,object
computer_mouse_2,computer_mouse,computer_mouse_2,entity
computer_programme,computer_programme,computer_programme,object
computer_speaker,computer_speaker,electronic device for producing sound,object
conical_flask,conical_flask,type of laboratory equipment,entity
cook_chef_2a,cook_chef,cook_chef_2a,entity
cook_school_1b,cook_school,cook school,entity
cooker,cooker,cooker,object
cooking_oil,cooking_oil,cooking_oil,object
corned_beef,corned_beef,corned_beef,food
corner_cabinet,corner_cabinet,corner_cabinet,entity
cornet,cornet,cornet,object
cornflakes,cornflakes,cornflakes,food
correct_thought,correct_thought,correct_thought,entity
cot,cot,cot,entity
cottage_cheese,cottage_cheese,cottage_cheese,food
cotton_bud,cotton_bud,cotton_bud,object
courgette,courgette,courgette,food
cow,cow,cow,entity
cow_shed,cow_shed,cow shed,entity
crab,crab,crab,entity
cracker,cracker,cracker,object
cranberries,cranberries,type of fruit,entity
cranberry_juice,cranberry_juice,cranberry_juice,drink
crane,crane,crane,entity
crayon,crayon,crayon,object
cream_2,cream,cream_2,object
cream_ointment,cream_ointment,cream_ointment,object
creme_fraiche,creme_fraiche,creme_fraiche,food
cricket_2,cricket,cricket_2,entity
cricket_ball,cricket_ball,cricket equipment,entity
cricket_bowler,cricket_bowler,cricket_bowler,entity
crisp_bread,crisp_bread,crisp_bread,food
crisps,crisps,crisps,food
crisps_cheese_puffs,crisps_cheese_puffs,crisps_cheese_puffs,food
crocodile_2,crocodile,crocodile_2,entity
croissant,croissant,croissant,food
cross_palm,cross_palm,cross_palm,entity
crouch_to,crouch_to,crouch_to,body
crown,crown,crown,entity
crown_of_thorns,crown_of_thorns,crown_of_thorns,object
cruiser,cruiser,cruiser,object
crutches_1,crutches,crutches_1,entity
cucumber,cucumber,cucumber,food
cup_non_spill,cup_non_spill,cup_non_spill,entity
cupboard,cupboard,cupboard,object
currants,currants,currants,object
curry,curry,curry,food
curtains,curtains,curtains,object
cushion_2,cushion,cushion_2,object
cycle_helmet,cycle_helmet,cycle helmet,object
cymbals_hand,cymbals_hand,cymbals_hand,entity
d_-_lower_case,d_-_lower_case,d_-_lower_case,entity
dad_parent,dad_parent,dad_parent,entity
daffodil,daffodil,daffodil,object
dairy_products,dairy_products,dairy_products,food
daisy,daisy,daisy,food
danish_pastry,danish_pastry,danish_pastry,food
darts,darts,darts,object
dates,dates,dates,food
deep_fat_fryer,deep_fat_fryer,deep_fat_fryer,object
deer,deer,deer,animal
delicious_food,delicious_food,delicious food,food
delivery_person_2a,delivery_person,delivery_person_2a,object
delivery_trolley,delivery_trolley,delivery_trolley,object
dental_floss,dental_floss,dental_floss,object
dentist_1b,dentist,dentist_1b,entity
deodorant,deodorant,deodorant,object
deodorant_spray,deodorant_spray,deodorant_spray,object
desk,desk,desk,object
dessert,dessert,dessert,object
dessert_menu,dessert_menu,dessert_menu,object
diamond,diamond,diamond,object
dining_table,dining_table,dining_table,object
dinner_2_people,dinner_2_people,dinner_2_people,food
dinner_3_people,dinner_3_people,dinner_3_people,food
dinner_cold,dinner_cold,dinner cold,object
dinner_hot,dinner_hot,dinner_hot,object
dinosaur,dinosaur,dinosaur,entity
disabled_sign,disabled_sign,disabled_sign,entity
disabled_toilet,disabled_toilet,disabled toilet,entity
dish,dish,dish,object
dish_cloth,dish_cloth,dish_cloth,object
dish_partitioned,dish_partitioned,dish_partitioned,object
dishes,dishes,dishes,entity
dishwasher_powder,dishwasher_powder,dishwasher_powder,object
doctor_2a,doctor,doctor_2a,object
dog,dog,dog,entity
dog_basket,dog_basket,dog_basket,object
dog_bed,dog_bed,dog_bed,object
dog_biscuits,dog_biscuits,dog_biscuits,food
dog_chew,dog_chew,dog_chew,object
dog_coat,dog_coat,dog_coat,entity
dog_food,dog_food,dog_food,food
dog_kennel,dog_kennel,dog_kennel,entity
doidy_cup,doidy_cup,doidy_cup,object
doll,doll,doll,entity
dolphin,dolphin,dolphin,entity
donkey,donkey,donkey,entity
door_2,door,door_2,entity
double_bed,double_bed,double_bed,object
dragonfly,dragonfly,dragonfly,entity
draining_board,draining_board,draining board,object
drama_class,drama_class,drama_class,entity
drawer,drawer,drawer,entity
drawing_pin,drawing_pin,drawing_pin,object
dress,dress,dress,object
dresser,dresser,dresser,object
dressing_gown,dressing_gown,dressing_gown,entity
dressing_table,dressing_table,dressing_table,object
drill_bit,drill_bit,drill_bit,object
"drink_2_,_to","drink_2_,_to",drink,food
drink_consistency_firm_spoon,drink_consistency_firm_spoon,drink_consistency_firm_spoon,object
drink_consistency_juice_straw,drink_consistency_juice_straw,drink_consistency_juice_straw,object
drinks,drinks,drinks,drink
dropper_pipette,dropper_pipette,dropper_pipette,object
drum,drum,drum,entity
drumsticks,drumsticks,wooden sticks used to play drums,food
duck,duck,duck,object
dumper_truck,dumper_truck,dumper_truck,object
dysphagia_cup_3,dysphagia_cup,dysphagia_cup_3,object
ear,ear,ear,body_part
ear_muffs,ear_muffs,ear_muffs,object
earrings,earrings,earrings,entity
earthworm,earthworm,earthworm,entity
earwig,earwig,earwig,entity
egg,egg,egg,entity
egg_boiled,egg_boiled,egg_boiled,entity
egg_cup,egg_cup,egg_cup,object
egg_fried,egg_fried,egg_fried,food
egg_on_toast,egg_on_toast,egg_on_toast,food
egg_white,egg_white,egg_white,food
eggs,eggs,eggs,entity
eggs_scrambled,eggs_scrambled,eggs_scrambled,food
elbow,elbow,elbow,body
elephant,elephant,elephant,entity
elf,elf,elf,entity
emagazine,emagazine,emagazine,object
email,email,email,entity
emery_board,emery_board,emery board,object
energy_monitor,energy_monitor,energy_monitor,device
english,english,english,entity
english_class,english_class,english_class,entity
envelope,envelope,envelope,object
escalator,escalator,escalator,object
exit_door_to,exit_door_to,exit_door_to,object
extension_lead,extension_lead,extension_lead,object
extra_2,extra,extra_2,object
eye,eye,eye,object
eye_shadow,eye_shadow,eye shadow,entity
eyebrow,eyebrow,eyebrow,body part
eyebrow_bushy,eyebrow_bushy,eyebrow_bushy,body part
eyebrow_pencil,eyebrow_pencil,eyebrow_pencil,entity
eyelash,eyelash,eyelash,body
eyelash_curler,eyelash_curler,eyelash_curler,object
eyes_green,eyes_green,eyes_green,body part
fabric,fabric,fabric,entity
fairy,fairy,fairy,entity
family_2,family,family,entity
fangs,fangs,fangs,body part
favourite,favourite,favourite,entity
feather,feather,feather,object
feet,feet,feet,body
felt_tips,felt_tips,felt_tips,object
female_body,female_body,human anatomy,body
fennel,fennel,fennel,entity
ferret,ferret,ferret,animal
fibre_optic_lamp,fibre_optic_lamp,fibre_optic_lamp,entity
fig,fig,fig,food
file,file,file,object
filing_cabinet,filing_cabinet,filing_cabinet,object
filter_paper,filter_paper,filter_paper,object
fin,fin,fin,body
finger,finger,finger,body
finger_puppet,finger_puppet,finger_puppet,object
fingernail,fingernail,fingernail,body part
fingernails,fingernails,fingernails,body part
fingers,fingers,fingers,body
fir_tree,fir_tree,fir_tree,object
fire_engine,fire_engine,fire_engine,entity
fire_helmet,fire_helmet,fire_helmet,object
fire_hose,fire_hose,fire_hose,object
fireplace,fireplace,fireplace,object
fireworks_2,fireworks,fireworks_2,object
first_aid_box,first_aid_box,first_aid_box,object
fish,fish,fish,entity
fish_and_chips,fish_and_chips,fish_and_chips,object
fish_battered,fish_battered,fish_battered,food
fish_burger,fish_burger,fish_burger,food
fish_deep_fried,fish_deep_fried,deep-fried food,food
fish_food,fish_food,fish_food,food
fish_koi_carp,fish_koi_carp,fish_koi_carp,entity
fish_tank,fish_tank,fish_tank,entity
fish_tropical,fish_tropical,fish_tropical,entity
fist,fist,fist,body
flame,flame,flame,object
flamingo,flamingo,flamingo,entity
flannel,flannel,flannel,object
flat_tyre,flat_tyre,flat tyre,object
flatscreen_tv,flatscreen_tv,flatscreen_tv,object
flipper,flipper,flapping limb,entity
florist_2a,florist,florist_2a,entity
flour_plain,flour_plain,flour,food
flour_self_raising,flour_self_raising,flour_self_raising,food
flower,flower,plant with petals,entity
flute,flute,flute,entity
fly,fly,fly,object
food,food,food,food
food_blender,food_blender,food_blender,entity
food_bowl_dog,food_bowl_dog,food_bowl_dog,object
food_bowl_horse,food_bowl_horse,food_bowl_horse,entity
food_cold,food_cold,food_cold,food
food_hot,food_hot,hot food,food
foot,foot,foot,body
football_kit_Aston_Villa,football_kit_Aston_Villa,football_kit_Aston_Villa,object
football_kit_Barnsley,football_kit_Barnsley,football_kit_Barnsley,object
football_kit_Birmingham,football_kit_Birmingham,football_kit_Birmingham,object
football_kit_Blackburn_Rovers,football_kit_Blackburn_Rovers,football_kit_Blackburn_Rovers,object
football_kit_Blackpool,football_kit_Blackpool,football_kit_Blackpool,entity
football_kit_Bolton_Wanderers,football_kit_Bolton_Wanderers,football_kit_Bolton_Wanderers,entity
football_kit_Bristol_City,football_kit_Bristol_City,football_kit_Bristol_City,entity
football_kit_Burnley,football_kit_Burnley,football_kit_Burnley,object
football_kit_Cardiff,football_kit_Cardiff,football_kit_Cardiff,object
football_kit_Chelsea,football_kit_Chelsea,football_kit_Chelsea,entity
football_kit_Crystal_Palace,football_kit_Crystal_Palace,Crystal Palace football kit,object
football_kit_Derby,football_kit_Derby,football_kit_Derby,object
football_kit_Doncaster,football_kit_Doncaster,football_kit_Doncaster,entity
football_kit_Everton,football_kit_Everton,football_kit_Everton,object
football_kit_Fulham,football_kit_Fulham,football_kit_Fulham,entity
football_kit_Hull_City,football_kit_Hull_City,football_kit_Hull_City,object
football_kit_Ipswich,football_kit_Ipswich,football kit,object
football_kit_Liverpool,football_kit_Liverpool,football_kit_Liverpool,entity
football_kit_Manchester_City,football_kit_Manchester_City,football_kit_Manchester_City,entity
football_kit_Manchester_United,football_kit_Manchester_United,football_kit_Manchester_United,object
football_kit_Middlesbrough,football_kit_Middlesbrough,football_kit_Middlesbrough,entity
football_kit_Newcastle_United,football_kit_Newcastle_United,football_kit_Newcastle_United,object
football_kit_Nottingham_Forest,football_kit_Nottingham_Forest,football_kit_Nottingham_Forest,object
football_kit_Peterborough,football_kit_Peterborough,football_kit_Peterborough,object
football_kit_Plymouth_Argyle,football_kit_Plymouth_Argyle,sports attire,entity
football_kit_Portsmouth,football_kit_Portsmouth,football_kit_Portsmouth,object
football_kit_Preston,football_kit_Preston,football_kit_Preston,entity
football_kit_Reading,football_kit_Reading,football_kit_Reading,object
football_kit_Scunthorpe,football_kit_Scunthorpe,football_kit_Scunthorpe,entity
football_kit_Sheffield_Weds,football_kit_Sheffield_Weds,football_kit_Sheffield_Weds,object
football_kit_Spurs,football_kit_Spurs,football_kit_Spurs,object
football_kit_Stoke_City,football_kit_Stoke_City,football_kit_Stoke_City,object
football_kit_Sunderland,football_kit_Sunderland,football_kit_Sunderland,object
football_kit_Swansea,football_kit_Swansea,football_kit_Swansea,object
football_kit_West_Ham_United,football_kit_West_Ham_United,football_kit_West_Ham_United,entity
football_kit_Wigan_Athletic,football_kit_Wigan_Athletic,Wigan Athletic football kit,object
football_kit_Wolves,football_kit_Wolves,football_kit_Wolves,object
football_kit_blank,football_kit_blank,football_kit_blank,object
forearm,forearm,forearm,body
fork,fork,fork,object
fork_adapted,fork_adapted,fork_adapted,object
fork_lift_truck,fork_lift_truck,industrial vehicle,entity
four_dots,four_dots,four_dots,object
fox,fox,fox,entity
frankincense,frankincense,frankincense,entity
freckles,freckles,freckles,body part
freezer,freezer,freezer,device
french_stick,french_stick,french_stick,food
fridge,fridge,fridge,object
fried_breakfast,fried_breakfast,fried_breakfast,food
frog,frog,frog,entity
fromage_frais,fromage_frais,fromage_frais,food
frozen_chips,frozen_chips,frozen_chips,object
frozen_fish_fingers,frozen_fish_fingers,frozen_fish_fingers,entity
frozen_food_box,frozen_food_box,frozen_food_box,object
frozen_pizza,frozen_pizza,type of food,food
fruit,fruit,fruit,food
fruit_tree,fruit_tree,fruit_tree,entity
frying_pan,frying_pan,frying_pan,object
funnel,funnel,funnel,object
furniture,furniture,furniture,object
garden_chair_folding,garden_chair_folding,garden_chair_folding,object
garden_clippers,garden_clippers,garden_clippers,object
garlic,garlic,garlic,entity
garlic_bread,garlic_bread,type of bread,food
geography_class,geography_class,geography_class,entity
ghost,ghost,ghost,entity
giraffe,giraffe,tall mammal,entity
glass,glass,glass,entity
glass_drinking,glass_drinking,glass_drinking,object
glasses,glasses,glasses,entity
gloves,gloves,gloves,object
glue,glue,glue,object
gnat,gnat,gnat,entity
goal,goal,goal,object
gold_bar,gold_bar,gold_bar,object
goldfish,goldfish,goldfish,entity
goldfish_bowl,goldfish_bowl,goldfish_bowl,object
golf_club,golf_club,sports equipment,object
goose,goose,goose,entity
goose_roast,goose_roast,goose_roast,food
gooseberry,gooseberry,gooseberry,food
gorilla,gorilla,gorilla,entity
grandparents,grandparents,grandparents,entity
grape_juice,grape_juice,grape_juice,food
grapefruit,grapefruit,grapefruit,food
grapefruit_juice,grapefruit_juice,grapefruit_juice,drink
grapes,grapes,grape,food
grass,grass,grass,entity
gravy_boat,gravy_boat,gravy_boat,object
green_beans,green_beans,green_beans,food
green_light,green_light,green_light,object
greengrocer_2b,greengrocer,greengrocer_2b,entity
grey_dark,grey_dark,grey_dark,entity
grill_pan,grill_pan,grill_pan,entity
guinea_pig,guinea_pig,guinea_pig,entity
guitar,guitar,guitar,entity
gum,gum,gum,food
gym_1,gym,gym_1,object
hair_conditioner,hair_conditioner,hair_conditioner,object
hair_curler,hair_curler,curler,tool
hair_curlers_electric,hair_curlers_electric,hair_curlers_electric,entity
hair_dye,hair_dye,hair_dye,entity
hair_plaits,hair_plaits,hair_plaits,entity
hair_ponytail,hair_ponytail,hair_ponytail,body
hairbrush,hairbrush,hairbrush,object
hairdryer,hairdryer,hairdryer,object
hairspray,hairspray,hair spray,object
ham,ham,ham,food
ham_packet,ham_packet,ham_packet,food
hamburger,hamburger,hamburger,food
hamburger_carton,hamburger_carton,hamburger_carton,entity
hammer,hammer,hammer,object
hamster,hamster,hamster,entity
hamster_food,hamster_food,hamster_food,food
hamster_maze,hamster_maze,hamster_maze,object
hand_bag,hand_bag,hand_bag,object
hand_mixer,hand_mixer,hand_mixer,object
hand_punch,hand_punch,hand punch,object
handcuffs,handcuffs,handcuffs,object
handle_bars,handle_bars,handle_bars,entity
hankerchief,hankerchief,hankerchief,object
hard_hat,hard_hat,hard_hat,noun
hare,hare,hare,animal
hat_-_ladies,hat_-_ladies,hat_-_ladies,object
hat_Christmas,hat_Christmas,hat_Christmas,entity
hat_too_big,hat_too_big,hat_too_big,object
haunted_house,haunted_house,haunted_house,entity
hazelnut,hazelnut,hazelnut,entity
head,head,head,body
headband,headband,headband,object
headboard,headboard,headboard,object
headlamp,headlamp,light source,object
headmouse,headmouse,headmouse,entity
headphones,headphones,headphones,object
headpointer_2,headpointer,headpointer_2,object
hearing_aid_2,hearing_aid,hearing_aid_2,object
heart_shape,heart_shape,heart_shape,object
hedge,hedge,hedge,object
hedge_cutters,hedge_cutters,hedge_cutters,object
hedgehog,hedgehog,hedgehog,entity
heel,heel,heel,body
heel_of_shoe,heel_of_shoe,heel_of_shoe,body
helicopter,helicopter,helicopter,entity
helmet,helmet,helmet,entity
helmet_pilot,helmet_pilot,helmet_pilot,object
heptagon,heptagon,heptagon,object
heron,heron,heron,entity
high_chair,high_chair,high_chair,object
hip,hip,hip,body
hippopotamus,hippopotamus,hippopotamus,entity
hips,hips,hips,body
hoe,hoe,hoe,body
holdall,holdall,holdall,object
hole_punch_2,hole_punch,hole_punch_2,entity
hollow,hollow,hollow,object
holly,holly,holly,entity
homepage,homepage,homepage,object
honey,honey,honey,food
hood_hoodie,hood_hoodie,hood_hoodie,entity
hooded_top,hooded_top,hooded_top,entity
hoof,hoof,hoof,object
horns,horns,horns,entity
horse,horse,horse,entity
hose,hose,hose,object
hot_air_balloon,hot_air_balloon,hot_air_balloon,entity
hot_brush,hot_brush,hot_brush,object
hot_chocolate,hot_chocolate,hot_chocolate,drink
house,house,house,entity
iPhone,iPhone,iPhone,object
iPod,iPod,iPod,object
i_-_lower_case,i_-_lower_case,i_-_lower_case,object
ice_cream,ice_cream,ice_cream,food
ice_cream_tub,ice_cream_tub,ice_cream_tub,object
ice_lolly,ice_lolly,ice lolly,food
inbox,inbox,inbox,object
index_cards,index_cards,index_cards,entity
ingredients,ingredients,ingredients,food
inhaler,inhaler,inhaler,object
intellikeys,intellikeys,intellikeys,object
internet,internet,internet,object
intestine,intestine,intestine,body
iron,iron,iron,entity
ironing_board,ironing_board,ironing_board,object
ivy,ivy,ivy,entity
j_-_lower_case,j_-_lower_case,j_-_lower_case,entity
jack_in_box,jack_in_box,jack_in_box,object
jacket,jacket,jacket,object
jacket_-_mans,jacket_-_mans,jacket,object
jacket_potato_1,jacket_potato,jacket_potato_1,entity
jam,jam,jam,food
jam_tart,jam_tart,jam_tart,food
jar,jar,jar,entity
jealous_lady,jealous_lady,jealous_lady,entity
jeans,jeans,jeans,entity
jeep,jeep,jeep,object
jelly,jelly,jelly,food
jelly_beans,jelly_beans,jelly_beans,food
jellyfish,jellyfish,jellyfish,entity
jet_plane,jet_plane,jet_plane,object
jewellery,jewellery,jewellery,object
jigsaw_puzzle,jigsaw_puzzle,jigsaw_puzzle,object
jigsaw_puzzle_piece,jigsaw_puzzle_piece,jigsaw_puzzle_piece,object
judo_belt,judo_belt,judo_belt,object
jumper,jumper,jumper,object
jungle_gym,jungle_gym,jungle_gym,object
k_-_lower_case,k_-_lower_case,k_-_lower_case,entity
kangaroo,kangaroo,kangaroo,entity
kebab,kebab,kebab,object
kettle,kettle,kettle,object
key_2,key,key_2,entity
keyboard_electric,keyboard_electric,keyboard_electric,object
killer_whale,killer_whale,killer_whale,entity
kite,kite,kite,entity
kiwi,kiwi,kiwi,object
knee,knee,knee,body
knife,knife,knife,entity
knife_adapted_2,knife_adapted,knife_adapted_2,object
koala,koala,Australian marsupial,entity
koosh_ball,koosh_ball,koosh_ball,entity
l_-_lower_case,l_-_lower_case,l_-_lower_case,entity
labels,labels,labels,entity
ladle,ladle,ladle,object
lager,lager,lager,object
lamb_2,lamb,lamb_2,entity
lamp,lamp,lamp,object
lampshade,lampshade,lampshade,object
lantern_2,lantern,lantern_2,object
laptop,laptop,laptop,object
lasagne,lasagne,lasagne,food
laughing_lady,laughing_lady,laughing_lady,entity
laundry_basket,laundry_basket,laundry_basket,object
lava_lamp,lava_lamp,lava_lamp,entity
lawnmower,lawnmower,lawnmower,object
lead,lead,lead,food
leaves,leaves,leaves,body
left_hand,left_hand,left hand,body part
leg,leg,leg,body
leg_warmers,leg_warmers,leg_warmers,entity
lego,lego,lego,entity
legs,legs,legs,body
lemon,lemon,lemon,food
lemon_squash,lemon_squash,lemon_squash,object
lemonade_2,lemonade,lemonade_2,food
lens,lens,lens,object
lentils,lentils,lentils,entity
leopard,leopard,leopard,entity
letter,letter,letter,object
lettuce,lettuce,lettuce,food
lid,lid,lid,entity
lift,lift,lift,object
light,light,light,object
lightbulb,lightbulb,lightbulb,object
lily,lily,lily,entity
lime,lime,lime,food
line_horizontal,line_horizontal,line_horizontal,object
line_vertical,line_vertical,line_vertical,object
lion,lion,lion,animal
lip_balm,lip_balm,lip_balm,entity
lip_bottom,lip_bottom,lip_bottom,body
lip_top,lip_top,lip top,body
lips_1,lips,lips_1,body
lipstick,lipstick,lipstick,object
liquid_soap,liquid_soap,liquid_soap,object
little_mac_switch,little_mac_switch,little_mac_switch,object
lizard,lizard,lizard,entity
locker,locker,locker,object
log,log,log,entity
lollipop,lollipop,lollipop,food
long_johns,long_johns,long_johns,entity
lorry,lorry,lorry,entity
lotion,lotion,lotion,food
lump,lump,person with a disability,entity
lunch_1,lunch,lunch_1,food
lunch_box_1,lunch_box,lunch_box_1,object
lungs,lungs,lungs,entity
macadamias,macadamias,macadamias,food
macaroni,macaroni,macaroni,object
macaroni_cheese,macaroni_cheese,macaroni_cheese,food
magnet,magnet,magnet,entity
magnetic,magnetic,material with magnetic properties,entity
main_course,main_course,main_course,food
mains_socket,mains_socket,mains_socket,object
make_up,make_up,make_up,food
mange_tout,mange_tout,green_pea_pod,entity
manger,manger,manger,object
mango,mango,mango,object
marbles,marbles,small balls,object
margarine,margarine,margarine,food
marmite,marmite,marmite,food
marrow,marrow,marrow,object
marshmallows,marshmallows,marshmallows,food
mascara,mascara,mascara,object
mash_potato_2,mash_potato,mash_potato_2,object
masher,masher,masher,object
mask_dustmask,mask_dustmask,mask_dustmask,object
masking_tape,masking_tape,masking_tape,object
mauve_dark,mauve_dark,mauve_dark,object
mayonnaise,mayonnaise,mayonnaise,food
measuring_cups,measuring_cups,measuring_cups,object
measuring_jug,measuring_jug,measuring jug,object
measuring_spoons,measuring_spoons,measuring_spoons,object
meat,meat,meat,food
meatballs_and_spaghetti,meatballs_and_spaghetti,meatballs_and_spaghetti,object
medal,medal,medal,object
medicine,medicine,medicine,object
medicine_cabinet,medicine_cabinet,medicine_cabinet,object
melon,melon,melon,food
memory_card,memory_card,memory_card,entity
menu,menu,menu,object
merry_go_round,merry_go_round,merry_go_round,object
messy_clothes,messy_clothes,messy_clothes,body
microphone,microphone,microphone,object
microwave,microwave,microwave,object
milk,milk,milk,food
milk_2_litre,milk_2_litre,milk_2_litre,object
milk_bottle,milk_bottle,milk_bottle,object
milk_carton,milk_carton,milk_carton,entity
milkshake,milkshake,milkshake,object
milkshake_banana,milkshake_banana,milkshake_banana,food
milkshake_chocolate,milkshake_chocolate,milkshake_chocolate,food
milkshake_strawberry,milkshake_strawberry,milkshake_strawberry,food
mince_pie,mince_pie,mince_pie,food
minced_meat,minced_meat,minced_meat,food
mints,mints,mints,object
mirror_2,mirror,mirror_2,entity
mirror_ball,mirror_ball,mirror_ball,entity
mistake_no_wrong,mistake_no_wrong,mistake_no_wrong,object
mistletoe,mistletoe,mistletoe,object
mittens,mittens,mittens,object
mixer,mixer,mixer,object
mobile_phone,mobile_phone,mobile_phone,object
mobile_phone_camera,mobile_phone_camera,mobile_phone_camera,object
mobile_phone_case,mobile_phone_case,mobile_phone_case,object
mobile_phone_cover,mobile_phone_cover,mobile_phone_cover,object
mobile_phone_number,mobile_phone_number,mobile_phone_number,entity
mobile_phone_ring_tone,mobile_phone_ring_tone,mobile_phone_ring_tone,object
mobile_phone_silent,mobile_phone_silent,mobile_phone_silent,object
mobile_phone_text_message,mobile_phone_text_message,mobile_phone_text_message,entity
mobile_phone_video,mobile_phone_video,mobile_phone_video,object
money,money,money,entity
monster,monster,monster,entity
mop,mop,mop,entity
moped,moped,moped,entity
moth,moth,moth,entity
motor_home,motor_home,motor_home,entity
motorcycle,motorcycle,motorcycle,entity
mouse,mouse,mouse,entity
mouse_mat,mouse_mat,mouse_mat,object
mouth,mouth,mouth,body
mouthwash_1,mouthwash,liquid medicine for oral hygiene,food
muesli,muesli,muesli,food
mug_2,mug,mug_2,object
multi_media,multi_media,multi_media,object
muscles,muscles,muscles,body
mushroom,mushroom,mushroom,entity
music_class,music_class,music_class,entity
musical_instruments,musical_instruments,musical_instruments,entity
mussel,mussel,mussel,entity
my_computer_icon,my_computer_icon,computer icon,entity
n_-_lower_case,n_-_lower_case,n_-_lower_case,entity
nail,nail,nail,entity
nail_care,nail_care,nail_care,body
nail_clippers,nail_clippers,device for cutting nails,entity
nail_file,nail_file,nail_file,object
nail_polish,nail_polish,nail_polish,object
nail_polish_remover,nail_polish_remover,nail_polish_remover,object
nappy,nappy,nappy,entity
neck,neck,human body part,body
necklace,necklace,necklace,object
nest_of_tables,nest_of_tables,nest of tables,entity
networked_computers,networked_computers,networked_computers,entity
new_document,new_document,new_document,object
newspaper,newspaper,newspaper,object
nightgown,nightgown,nightgown,object
non_speaking,non_speaking,non_speaking,object
noodles,noodles,"long, thin, usually cylindrical food",food
nosey_cup,nosey_cup,nosey_cup,object
nostril,nostril,nostril,body
notebook,notebook,notebook,object
notepad,notepad,notepad,object
nuts,nuts,nuts,food
o_-_lower_case,o_-_lower_case,lowercase letter,entity
oak_leaf,oak_leaf,oak_leaf,object
octagon,octagon,octagon,object
office_block,office_block,office_block,object
old_object,old_object,old_object,object
old_person_3,old_person,old_person_3,entity
olive_oil,olive_oil,olive_oil,food
olives,olives,olives,food
olympic_games,olympic_games,olympic_games,entity
olympic_rings,olympic_rings,olympic_rings,object
olympic_torch,olympic_torch,olympic_torch,object
omelette,omelette,omelette,food
one_dot,one_dot,one_dot,object
onion,onion,onion,food
onion_rings,onion_rings,onion_rings,food
orange_2,orange,orange_2,object
orange_fizzy_drink,orange_fizzy_drink,orange_fizzy_drink,food
orange_juice,orange_juice,orange_juice,drink
orange_squash,orange_squash,orange_squash,entity
ostrich,ostrich,ostrich,entity
outbox,outbox,outbox,object
owl,owl,owl,entity
oxygen_mask,oxygen_mask,oxygen_mask,object
oyster,oyster,oyster,entity
p_-_lower_case,p_-_lower_case,p_-_lower_case,entity
packed_lunch_2,packed_lunch,packed lunch 2,object
paddles,paddles,paddles,object
paint,paint,paint,object
paint_box,paint_box,paint_box,entity
paint_brush,paint_brush,paint_brush,object
palm,palm,palm,object
palm_tree,palm_tree,palm_tree,entity
pancake_2,pancake,pancake_2,food
pancakes,pancakes,pancakes,food
panda,panda,panda,entity
pants,pants,pants,object
paper,paper,paper,object
paper_towel,paper_towel,paper_towel,object
paper_towels,paper_towels,paper_towels,object
paperclip,paperclip,paperclip,entity
parachute,parachute,parachute,object
parade_2,parade,parade_2,noun
parrot,parrot,parrot,entity
partner,partner,partner,entity
party_popper,party_popper,party_popper,object
passion_flower,passion_flower,passion_flower,entity
passion_fruit,passion_fruit,passion_fruit,entity
passport,passport,passport,object
pasta,pasta,pasta,food
pasta_sauce,pasta_sauce,pasta_sauce,food
paste,paste,paste,object
pastie,pastie,pastie,object
pastry,pastry,pastry,food
patch_on_clothes,patch_on_clothes,patch_on_clothes,entity
pate,pate,pate,food
paw_1,paw,paw_1,entity
pea,pea,pea,food
peach,peach,peach,food
peacock,peacock,peacock,entity
peanut,peanut,peanut,entity
peanut_butter,peanut_butter,peanut_butter,food
pear,pear,pear,entity
peas,peas,peas,food
pecan,pecan,pecan,food
peeler,peeler,peeler,tool
pelican,pelican,pelican,entity
pen,pen,pen,object
pen_and_paper_2,pen_and_paper,pen_and_paper_2,entity
pencil_and_paper_2,pencil_and_paper,pencil_and_paper_2,entity
pencil_box,pencil_box,pencil_box,object
pencil_case,pencil_case,pencil_case,object
pencil_sharpener_2,pencil_sharpener,pencil_sharpener_2,object
penguin,penguin,penguin,entity
pepper,pepper,black pepper,food
perfume,perfume,perfume,object
personal_passport,personal_passport,personal_passport,object
pestle_and_mortar,pestle_and_mortar,pestle_and_mortar,object
pet_blanket,pet_blanket,pet_blanket,object
pet_brush,pet_brush,pet_brush,object
pet_carrying_basket,pet_carrying_basket,pet_carrying_basket,object
petal,petal,petal,entity
petrol_tanker,petrol_tanker,petrol_tanker,entity
petticoat,petticoat,petticoat,entity
phone_picture_video,phone_picture_video,phone_picture_video,object
photocopier,photocopier,photocopier,tool
photographs,photographs,photographs,object
piano,piano,piano,object
pick_and_mix,pick_and_mix,pick_and_mix,object
picture,picture,picture,object
picture_frame,picture_frame,picture_frame,object
pie,pie,pie,food
pie_chart,pie_chart,pie_chart,object
pie_cherry,pie_cherry,pie_cherry,food
pie_meat,pie_meat,pie_meat,food
piglet,piglet,piglet,animal
pine_cone,pine_cone,pine_cone,entity
pine_nut,pine_nut,pine_nut,object
pineapple,pineapple,pineapple,object
pineapple_juice,pineapple_juice,pineapple_juice,drink
pint_half,pint_half,pint_half,object
pistachios,pistachios,pistachios,entity
pizza,pizza,pizza,food
place_mat,place_mat,place_mat,object
plane,plane,plane,entity
planets,planets,planets,object
plant,plant,plant,object
plaster,plaster,plaster,object
plastic_bag,plastic_bag,plastic_bag,object
plate,plate,plate,object
plate_guard,plate_guard,plate_guard,object
plate_lipped,plate_lipped,container,entity
play_area,play_area,play area,entity
playdough,playdough,playdough,food
playing_cards,playing_cards,cards,object
playing_cards_clubs,playing_cards_clubs,playing_cards_clubs,object
playing_cards_diamonds,playing_cards_diamonds,playing_cards_diamonds,object
playing_cards_hearts,playing_cards_hearts,playing_cards_hearts,entity
playing_cards_spades,playing_cards_spades,playing_cards_spades,object
playstation,playstation,video game console,object
pliers,pliers,pliers,tool
plug_2,plug,plug_2,object
plum,plum,plum,object
plum_tomato,plum_tomato,plum_tomato,food
pocket,pocket,small bag sewn into clothing,entity
polar_bear,polar_bear,polar_bear,entity
police_1a,police,police_1a,entity
police_car,police_car,police_car,object
police_helmet,police_helmet,police_helmet,entity
police_radio,police_radio,police_radio,object
pool_hoist,pool_hoist,device for lifting people out of water,object
pop_socks,pop_socks,pop_socks,entity
poppadoms,poppadoms,poppadoms,food
porcupine,porcupine,porcupine,entity
pork_chop,pork_chop,pork_chop,food
porridge,porridge,porridge,food
porter_hospital_2b,porter_hospital,porter_hospital_2b,entity
post-it,post-it,post-it,object
post_person_2b,post_person,post_person_2b,entity
post_van,post_van,type of vehicle,entity
pot,pot,pot,object
pot_noodle,pot_noodle,pot noodle,food
potato,potato,potato,food
potted_plant,potted_plant,potted_plant,object
pottery,pottery,pottery,object
potty_chair,potty_chair,potty_chair,object
poultry,poultry,poultry,entity
powder_puff,powder_puff,powder puff,object
prawn,prawn,prawn,entity
present,present,present,object
pretzel,pretzel,pretzel,food
prickles,prickles,prickles,entity
print_preview,print_preview,print_preview,object
printer,printer,printer,object
prism_hexagonal,prism_hexagonal,prism_hexagonal,object
prism_triangular,prism_triangular,prism_triangular,object
protein,protein,protein,entity
puffin,puffin,puffin,entity
pull_along_toy,pull_along_toy,pull_along_toy,object
pumice_stone,pumice_stone,pumice_stone,object
pumpkin,pumpkin,pumpkin,object
pumpkin_lantern,pumpkin_lantern,pumpkin_lantern,object
pumpkin_pie,pumpkin_pie,pumpkin_pie,food
pupil,pupil,pupil,body
puppet,puppet,puppet,entity
pureed_food,pureed_food,pureed_food,food
purse,purse,purse,entity
pyjamas,pyjamas,pyjamas,entity
pyramid_square_base,pyramid_square_base,pyramid_square_base,object
quadrilateral,quadrilateral,quadrilateral,entity
quail,quail,quail,entity
quiche_flan,quiche_flan,quiche_flan,object
rabbit,rabbit,rabbit,entity
rabbit_hutch,rabbit_hutch,rabbit_hutch,object
radish,radish,radish,food
rainbow,rainbow,rainbow,object
raincoat,raincoat,raincoat,object
raisin,raisin,raisin,food
raisin_currants,raisin_currants,raisins and currants,food
rake,rake,rake,object
ram,ram,ram,entity
rat,rat,rat,animal
rattle_snake,rattle_snake,rattle_snake,entity
ravioli,ravioli,ravioli,object
razor,razor,razor,object
razor_electric,razor_electric,electric shaver,entity
ready_meal_lamb,ready_meal_lamb,ready_meal_lamb,object
recipe,recipe,recipe,noun
recycle_bin,recycle_bin,recycle_bin,object
recycling_bins,recycling_bins,recycling_bins,object
refuse_collector_2a,refuse_collector,refuse_collector_2a,entity
refuse_lorry,refuse_lorry,refuse_lorry,object
reindeer,reindeer,reindeer,entity
remote_control,remote_control,remote_control,object
rhinoceros,rhinoceros,rhinoceros,animal
rhubarb,rhubarb,rhubarb,food
ribbon,ribbon,ribbon,object
rice,rice,rice,food
rice_cake,rice_cake,rice_cake,food
rice_packet,rice_packet,rice_packet,object
riding_hat,riding_hat,riding_hat,body
rifle,rifle,rifle,object
ring,ring,ring,entity
ring_binder,ring_binder,ring_binder,object
roast_dinner,roast_dinner,roast_dinner,object
robin,robin,Robin,animal
"rock_chair_,_to","rock_chair_,_to",furniture for sitting,entity
rocket_2,rocket,rocket_2,entity
roll_on_deodorant,roll_on_deodorant,roll_on_deodorant,object
roller_blind,roller_blind,roller_blind,object
roller_coaster,roller_coaster,roller_coaster,object
rolling_pin,rolling_pin,rolling_pin,object
roman_blind,roman_blind,roman_blind,object
room,room,room,entity
roots,roots,roots,object
rose,rose,rose,entity
rosette,rosette,rosette,object
rowing_boat,rowing_boat,rowing_boat,object
rug,rug,rug,object
s_-_lower_case,s_-_lower_case,lowercase letter,entity
sack,sack,sack,object
sad_lady,sad_lady,sad_lady,object
saddle,saddle,saddle,object
safety_goggles,safety_goggles,safety_goggles,object
safety_pin,safety_pin,safety_pin,object
sailor_1b,sailor,sailor_1b,entity
salad,salad,salad,food
salad_packet,salad_packet,salad_packet,object
salad_plate,salad_plate,salad plate,object
salami_sausage,salami_sausage,salami_sausage,food
sandals,sandals,sandals,object
sandpaper,sandpaper,sandpaper,object
sandwich,sandwich,sandwich,food
sandwich_cheese,sandwich_cheese,sandwich_cheese,food
sandwich_chicken,sandwich_chicken,sandwich_chicken,food
sandwich_ham,sandwich_ham,sandwich_ham,food
sandwich_sausage,sandwich_sausage,sandwich_sausage,food
sandwich_toasted,sandwich_toasted,sandwich_toasted,food
sanitary_towel,sanitary_towel,sanitary_towel,body
satellite,satellite,satellite,object
sauce_apple,sauce_apple,sauce_apple,object
sauce_brown,sauce_brown,sauce_brown,food
sauce_tomato,sauce_tomato,sauce_tomato,food
saucer,saucer,saucer,entity
sausage_and_mash,sausage_and_mash,sausage_and_mash,food
sausage_cumberland,sausage_cumberland,sausage_cumberland,entity
sausage_roll,sausage_roll,sausage_roll,food
sausage_roll_small,sausage_roll_small,sausage_roll_small,object
scales_2,scales,scales_2,object
scar,scar,scar,body
scarecrow,scarecrow,scarecrow,object
scarf,scarf,scarf,material
school,school,school,entity
school_bag,school_bag,school_bag,object
science_class,science_class,science_class,object
science_room,science_room,science_room,entity
scissors,scissors,scissors,tool
scoop,scoop,scoop,object
screw,screw,screw,object
screwdriver,screwdriver,screwdriver,object
scrubbing_brush,scrubbing_brush,scrubbing_brush,entity
seagull,seagull,seagull,entity
seahorse,seahorse,seahorse,entity
seal,seal,seal,entity
seat_belt,seat_belt,seat_belt,object
secretary_2b,secretary,secretary_2b,entity
see_saw,see_saw,see_saw,object
seedling,seedling,seedling,body
seeds,seeds,seeds,entity
seizure,seizure,seizure,event
sensory_tube,sensory_tube,sensory_tube,object
settee_1,settee,settee_1,entity
shampoo,shampoo,shampoo,object
shapes,shapes,shapes,object
shapesorter,shapesorter,shapesorter,entity
shaving_cream,shaving_cream,shaving_cream,food
sheep,sheep,sheep,entity
shells,shells,shells,entity
shepherd_1b,shepherd,shepherd_1b,entity
shin,shin,shin,body
shirt,shirt,shirt,object
shoe,shoe,shoe,entity
shoe_-_ladies,shoe_-_ladies,shoe_-_ladies,object
shooting_star,shooting_star,shooting_star,object
shop,shop,shop,entity
shorts,shorts,shorts,entity
shoulder,shoulder,shoulder,body part
shower,shower,shower,object
shower_cap,shower_cap,shower_cap,object
shower_gel,shower_gel,shower_gel,entity
shrew,shrew,shrew,entity
shrimp,shrimp,shrimp,food
shuttlecock,shuttlecock,shuttlecock,object
sieve,sieve,sieve,object
signpost,signpost,signpost,object
simnel_cake,simnel_cake,simnel_cake,object
singer_1a,singer,singer_1a,entity
single_bed,single_bed,single_bed,object
sink,sink,sink,object
skateboard,skateboard,skateboard,object
skeleton,skeleton,skeleton,entity
skin,skin,skin,body
skirt,skirt,skirt,entity
skis,skis,skis,object
skull,skull,skull,entity
skunk,skunk,skunk,entity
sledge,sledge,sledge,object
sleep_suit_baby,sleep_suit_baby,sleep_suit_baby,entity
sleigh,sleigh,sleigh,object
slice,slice,slice,food
slide,slide,slide,object
sling,sling,sling,object
slippers,slippers,slippers,object
slug,slug,slug,object
snail,snail,snail,entity
snake,snake,snake,entity
sneering_man,sneering_man,sneering_man,entity
snow,snow,snow,object
soap,soap,soap,food
socks,socks,socks,object
sole,sole,sole,body
some,some,some,entity
soup,soup,soup,food
soup_carrot,soup_carrot,soup_carrot,object
soup_chicken,soup_chicken,soup_chicken,food
soup_mushroom,soup_mushroom,soup_mushroom,food
soup_onion,soup_onion,soup_onion,food
soup_pea,soup_pea,soup_pea,food
soup_tomato,soup_tomato,soup_tomato,food
soup_vegetable,soup_vegetable,soup_vegetable,object
south_east,south_east,south_east,entity
space_bar,space_bar,keyboard key,object
spaceship,spaceship,spaceship,object
spade,spade,spade,object
spaghetti,spaghetti,spaghetti,food
spaghetti_bolognaise,spaghetti_bolognaise,spaghetti_bolognaise,entity
sparkler,sparkler,sparkler,entity
spatula_2,spatula,spatula,object
speech_language_therapist_2a,speech_language_therapist,speech_language_therapist_2a,entity
spider,spider,spider,entity
spiders_web,spiders_web,spiders_web,object
spinach,spinach,spinach,food
spine,spine,spine,entity
sponge,sponge,sponge,object
spoon,spoon,spoon,object
spoon_adapted,spoon_adapted,spoon_adapted,object
spot_light,spot_light,spot_light,object
spring_onions,spring_onions,spring onions,entity
square_setsquare,square_setsquare,square_setsquare,entity
squash,squash,squash,food
squirrel_1b,squirrel,squirrel_1b,entity
stag,stag,stag,entity
stairs,stairs,stairs,object
standard_lamp,standard_lamp,standard_lamp,object
stapler,stapler,stapler,object
star,star,celestial body,entity
star_stacker,star_stacker,star_stacker,object
starfish,starfish,starfish,entity
steak,steak,steak,object
steamer,steamer,steamer,object
step_mum_parent,step_mum_parent,step_mum_parent,entity
step_sister,step_sister,step_sister,entity
stereo,stereo,stereo,object
stethoscope,stethoscope,stethoscope,object
stick,stick,stick,object
stickers,stickers,stickers,object
sting_bee,sting_bee,sting_bee,animal
stirrups,stirrups,stirrups,entity
stoat,stoat,stoat,entity
stock,stock,stock,entity
stock_cubes,stock_cubes,stock_cubes,object
stomach,stomach,stomach,entity
stone,stone,stone,entity
stool,stool,stool,object
straw,straw,straw,object
strawberry,strawberry,strawberry,food
strawberry_jam,strawberry_jam,strawberry_jam,food
string,string,string,object
stuffing,stuffing,stuffing,food
subsoil,subsoil,subsoil,entity
sugar_bowl,sugar_bowl,sugar_bowl,object
sugar_brown,sugar_brown,sugar_brown,food
sugar_white,sugar_white,sugar_white,object
suit_-_ladys,suit_-_ladys,suit_-_ladys,object
suitcase_2,suitcase,suitcase_2,entity
sun,sun,sun,entity
sun_lounger,sun_lounger,outdoor furniture,entity
sunglasses,sunglasses,sunglasses,body
sunscreen,sunscreen,sunscreen,entity
surprised_lady,surprised_lady,surprised_lady,entity
swan,swan,swan,animal
sweatshirt,sweatshirt,sweatshirt,entity
swede,swede,swede,entity
sweet_potato,sweet_potato,sweet_potato,food
sweetcorn,sweetcorn,sweetcorn,food
swimming_cap,swimming_cap,swimming_cap,entity
swimming_class,swimming_class,swimming_class,entity
swimming_costume,swimming_costume,swimming_costume,entity
swimming_trunks,swimming_trunks,swimming_trunks,entity
swing,swing,swing,object
swiss_roll,swiss_roll,pastry,food
switch_access,switch_access,switch_access,object
switch_low_profile_2,switch_low_profile,switch_low_profile_2,object
switch_mount,switch_mount,switch_mount,object
syringe,syringe,syringe,object
t-shirt,t-shirt,T-shirt,entity
table,table,table,entity
table_cloth,table_cloth,table_cloth,object
tablecloth,tablecloth,tablecloth,object
tablet_blister_pack,tablet_blister_pack,tablet_blister_pack,object
tablets,tablets,tablets,entity
takeaway_burger,takeaway_burger,takeaway_burger,food
takeaway_burger_and_chips,takeaway_burger_and_chips,takeaway_burger_and_chips,food
takeaway_container,takeaway_container,container for food,entity
takeaway_indian,takeaway_indian,Indian takeaway,food
takeaway_pizza,takeaway_pizza,takeaway_pizza,object
tap,tap,tap,object
tape_measure,tape_measure,tape_measure,object
tart,tart,tart,food
tartan,tartan,tartan,object
tattoo,tattoo,design or mark on the body,entity
taxi,taxi,taxi,entity
taxi_driver_1d,taxi_driver,taxi_driver_1d,entity
tea,tea,tea,drink
tea_bag,tea_bag,tea_bag,object
tea_instant,tea_instant,tea_instant,food
tea_spoon,tea_spoon,tea_spoon,object
tea_towel,tea_towel,tea_towel,object
teapot,teapot,teapot,object
technology,technology,field of study,entity
teddy_bear,teddy_bear,teddy_bear,entity
teeth,teeth,teeth,entity
"telephone_2_,_to","telephone_2_,_to","telephone_2_,_to",object
telephone_handset,telephone_handset,telephone_handset,entity
telephone_toy,telephone_toy,telephone_toy,object
temple,temple,temple,entity
terracotta,terracotta,terracotta,entity
test_tube,test_tube,test_tube,object
"text_mobile_message_,_to","text_mobile_message_,_to","text_mobile_message_,_to",object
text_phone,text_phone,text_phone,object
thermometer_2,thermometer,thermometer_2,entity
thigh,thigh,thigh,body
three_dots,three_dots,three_dots,object
three_wise_kings,three_wise_kings,three_wise_kings,entity
throat,throat,throat,body
thumb,thumb,thumb,body
thunder_storm,thunder_storm,thunder_storm,event
tie,tie,Tie,object
tiger,tiger,tiger,entity
tights,tights,tights,entity
tin,tin,metal alloy,material
tin_can,tin_can,tin_can,entity
tin_foil,tin_foil,tin_foil,material
tinned_apricots,tinned_apricots,canned fruit,food
tinned_cherries,tinned_cherries,tinned cherries,food
tinned_mushroom_soup,tinned_mushroom_soup,tinned_mushroom_soup,object
tinned_peaches,tinned_peaches,tinned_peaches,food
tinned_pears,tinned_pears,preserved fruit in a container,food
tinned_peas,tinned_peas,tinned_peas,food
tinned_pineapple,tinned_pineapple,tinned_pineapple,food
tinned_plums,tinned_plums,tinned_plums,food
tinned_sweetcorn,tinned_sweetcorn,tinned_sweetcorn,food
tinned_tomato,tinned_tomato,tinned_tomato,food
tinsel,tinsel,tinsel,object
tissues,tissues,tissues,object
toad,toad,toad,entity
toast,toast,toast,food
toaster,toaster,toaster,object
toe_nail,toe_nail,toe_nail,body part
"toilet_,_go_to_the","toilet_,_go_to_the","toilet, go to the",object
toilet_roll,toilet_roll,toilet_roll,object
tomato,tomato,tomato,food
tomato_juice,tomato_juice,tomato_juice,drink
tomato_slice,tomato_slice,tomato_slice,object
tomb_2,tomb,tomb_2,entity
tongs,tongs,tongs,object
tongue,tongue,tongue,body part
tooth,tooth,tooth,body part
toothbrush,toothbrush,toothbrush,object
toothbrush_electric,toothbrush_electric,toothbrush_electric,object
toothpaste,toothpaste,toothpaste,food
top,top,top,entity
torch_3,torch,torch_3,object
tortoise,tortoise,tortoise,entity
toupee,toupee,toupee,entity
towel,towel,towel,body
toy_box,toy_box,toy_box,object
toy_car,toy_car,toy_car,object
toys,toys,toys,entity
trachea,trachea,trachea,body
tracksuit,tracksuit,tracksuit,entity
tractor,tractor,tractor,object
traffic_lights,traffic_lights,traffic_lights,object
train,train,train,object
trainers,trainers,trousers,entity
trampoline,trampoline,trampoline,entity
trap,trap,trap,object
trapezium,trapezium,trapezium,entity
tray,tray,tray,object
tree,tree,tree,entity
tree_ornament_chocolate,tree_ornament_chocolate,tree_ornament_chocolate,entity
tree_trunk,tree_trunk,tree trunk,object
triangle_equilateral,triangle_equilateral,triangle_equilateral,object
tripod,tripod,tripod,object
trousers,trousers,trousers,object
trowel,trowel,trowel,entity
tulip,tulip,tulip,entity
tuna,tuna,tuna,entity
turkey_2,turkey,turkey_2,entity
turnip,turnip,turnip,food
turtle,turtle,turtle,entity
tv_drama,tv_drama,tv_drama,entity
u_-_lower_case,u_-_lower_case,u_-_lower_case,entity
uncle_maternal,uncle_maternal,uncle_maternal,entity
uncle_paternal,uncle_paternal,uncle_paternal,entity
under_1,under,under_1,object
underarm,underarm,underarm,body
underground_sign,underground_sign,underground_sign,object
underground_train,underground_train,underground_train,object
upper_arm,upper_arm,upper_arm,body
usb_stick,usb_stick,usb_stick,object
vacuum_cleaner_hand_held,vacuum_cleaner_hand_held,vacuum_cleaner_hand_held,object
van,van,vehicle,entity
varnish,varnish,varnish,entity
vegetables,vegetables,vegetables,object
vertical_blinds,vertical_blinds,vertical_blinds,object
vest,vest,upper body garment,entity
vice,vice,vice,object
video_camera,video_camera,video_camera,object
video_player,video_player,video_player,object
video_tape,video_tape,video_tape,object
vine,vine,vine,body
vinegar,vinegar,vinegar,object
visor_2,visor,visor_2,entity
vulture,vulture,vulture,animal
w_-_lower_case,w_-_lower_case,lowercase letter,entity
wafer,wafer,wafer,object
waistcoat,waistcoat,waistcoat,entity
walking_frame,walking_frame,walking_frame,entity
walking_stick,walking_stick,walking_stick,object
walkman,walkman,walkman,object
wallet,wallet,wallet,object
walnut,walnut,walnut,food
walrus,walrus,walrus,entity
wardrobe,wardrobe,wardrobe,object
warm_clothes,warm_clothes,warm_clothes,entity
warning_light,warning_light,warning_light,object
washing_machine,washing_machine,washing_machine,object
washing_powder,washing_powder,powder_for_washing,object
washing_up_bowl,washing_up_bowl,washing_up_bowl,object
washing_up_liquid,washing_up_liquid,dish_cleaner,object
wasp,wasp,wasp,entity
watch,watch,time-keeping device,entity
water,water,water,object
water_bottle_hamster,water_bottle_hamster,water_bottle_hamster,entity
water_bowl,water_bowl,water_bowl,entity
water_pistol,water_pistol,water_pistol,object
water_table,water_table,water_table,object
watering_can,watering_can,watering_can,object
watermelon,watermelon,watermelon,food
weak_link,weak_link,connection or relationship,entity
web_address,web_address,web_address,entity
webcam,webcam,webcam,object
weeds,weeds,weeds,entity
wellington_boots,wellington_boots,wellington_boots,entity
wheelchair,wheelchair,wheelchair,object
wheelchair_communication_aid,wheelchair_communication_aid,wheelchair_communication_aid,object
wheelie_bin,wheelie_bin,wheelie_bin,entity
whisk,whisk,whisk,entity
whiskers,whiskers,whiskers,object
whiteboard,whiteboard,whiteboard,object
wife,wife,wife,entity
wig_2,wig,wig_2,entity
window,window,window,object
windpipe,windpipe,windpipe,body
wine,wine,wine,drink
wing,wing,wing,entity
wire_break,wire_break,wire_break,object
wishbone,wishbone,wishbone,object
witches_hat,witches_hat,witches_hat,entity
wolf,wolf,wolf,entity
wood,wood,wood,object
wood_lathe,wood_lathe,wood_lathe,tool
wooden_spoon,wooden_spoon,wooden_spoon,object
woodstain,woodstain,woodstain,object
wool,wool,wool,material
worksheet,worksheet,worksheet,object
wrapping_paper,wrapping_paper,wrapping_paper,object
wrench,wrench,wrench,object
wrist,wrist,wrist,body
xylophone,xylophone,xylophone,object
y_-_lower_case,y_-_lower_case,lowercase letter,entity
yo-yo,yo-yo,yo-yo,object
yogurt,yogurt,yogurt,food
yorkshire_pudding,yorkshire_pudding,yorkshire_pudding,food
yule_log,yule_log,yule_log,object
z_-_lower_case,z_-_lower_case,z_-_lower_case,entity
zebra,zebra,zebra,entity
zebra_crossing,zebra_crossing,zebra_crossing,object
